a,b,c,Roots
19.0,19.0,-28.0,Two roots: 0.8128915456069917, -1.8128915456069918
-4.0,12.0,-9.0,One root: 1.5
-4.0,7.0,21.0,Two roots: -1.5776771087935728, 3.327677108793573
25.0,23.0,-10.0,Two roots: 0.3220485918406861, -1.242048591840686
-24.0,4.0,-3.0,No real roots
-28.0,-30.0,20.0,Two roots: -1.536351837580136, 0.46492326615156426
7.0,7.0,-7.0,Two roots: 0.6180339887498949, -1.618033988749895
-17.0,-28.0,-2.0,Two roots: -1.5722307094916386, -0.07482811403777323
-25.0,9.0,11.0,Two roots: -0.5073136110975832, 0.8673136110975832
19.0,9.0,-30.0,Two roots: 1.0418453277111939, -1.5155295382375096
-15.0,-23.0,-10.0,No real roots
-7.0,-28.0,0.0,Two roots: -4.0, -0.0
-29.0,28.0,-22.0,No real roots
25.0,-27.0,-23.0,Two roots: 1.640727032465361, -0.560727032465361
-27.0,-14.0,-1.0,Two roots: -0.4329783614749419, -0.08554015704357668
3.0,-9.0,-1.0,Two roots: 3.107275126832159, -0.10727512683215916
-19.0,-7.0,19.0,Two roots: -1.2010357413874555, 0.8326146887558766
29.0,17.0,27.0,No real roots
-15.0,-19.0,28.0,Two roots: -2.1392475997435354, 0.872580933076869
19.0,-24.0,18.0,No real roots
-29.0,3.0,-11.0,No real roots
28.0,-18.0,-15.0,Two roots: 1.1208224744856925, -0.4779653316285497
3.0,-19.0,25.0,Two roots: 4.468374945984443, 1.864958387348891
26.0,-14.0,-16.0,Two roots: 1.0986099481864549, -0.5601484097249163
13.0,15.0,17.0,No real roots
0.0,1.0,5.0,Two roots: NaN, -Infinity
-5.0,-28.0,-16.0,Two roots: -4.954065922853802, -0.6459340771461985
-12.0,-5.0,20.0,Two roots: -1.5160295688729348, 1.0993629022062679
-21.0,23.0,27.0,Two roots: -0.7115874116359383, 1.8068255068740335
20.0,7.0,30.0,No real roots
-2.0,30.0,0.0,Two roots: -0.0, 15.0
4.0,12.0,6.0,Two roots: -0.6339745962155614, -2.3660254037844384
12.0,-15.0,21.0,No real roots
-2.0,28.0,-21.0,Two roots: 0.7951631770045715, 13.204836822995428
25.0,6.0,3.0,No real roots
-9.0,-24.0,2.0,Two roots: -2.7475468957064284, 0.08088022903976169
-9.0,-4.0,29.0,Two roots: -2.0309800662333006, 1.5865356217888562
-21.0,19.0,8.0,Two roots: -0.312864699047057, 1.2176266038089618
-5.0,-4.0,-3.0,No real roots
5.0,-24.0,-27.0,Two roots: 5.740658617698013, -0.9406586176980134
-4.0,-3.0,-6.0,No real roots
-21.0,12.0,-12.0,No real roots
-23.0,-20.0,25.0,Two roots: -1.5643809614579636, 0.6948157440666591
6.0,29.0,11.0,Two roots: -0.41493130842261444, -4.418402024910719
17.0,-23.0,24.0,No real roots
-28.0,10.0,-21.0,No real roots
30.0,-28.0,4.0,Two roots: 0.7572599295693782, 0.17607340376395506
-7.0,-1.0,-21.0,No real roots
-29.0,-26.0,-16.0,No real roots
-3.0,18.0,25.0,Two roots: -1.1633319989322655, 7.163331998932265
-9.0,24.0,14.0,Two roots: -0.4924085250172203, 3.159075191683887
-15.0,-8.0,27.0,Two roots: -1.6345523019122128, 1.1012189685788796
-22.0,15.0,-12.0,No real roots
11.0,-25.0,-2.0,Two roots: 2.3500936293471537, -0.07736635661988087
25.0,-6.0,0.0,Two roots: 0.24, 0.0
-29.0,-11.0,28.0,Two roots: -1.1903980593745827, 0.8110877145469966
-3.0,4.0,25.0,Two roots: -2.296064805771863, 3.6293981391051964
12.0,-10.0,-13.0,Two roots: 1.537802003922809, -0.7044686705894758
3.0,-27.0,2.0,Two roots: 8.925306015783917, 0.07469398421608216
-23.0,28.0,2.0,Two roots: -0.06766735591756717, 1.2850586602653933
7.0,6.0,-12.0,Two roots: 0.9490929658561365, -1.8062358229989937
1.0,-30.0,-12.0,Two roots: 30.394804318340654, -0.3948043183406522
-10.0,-7.0,-30.0,No real roots
24.0,26.0,8.0,No real roots
-12.0,-3.0,-13.0,No real roots
27.0,8.0,-28.0,Two roots: 0.8809217769962818, -1.177218073292578
-2.0,3.0,3.0,Two roots: -0.6861406616345072, 2.186140661634507
10.0,-4.0,28.0,No real roots
5.0,-8.0,6.0,No real roots
-10.0,-22.0,22.0,Two roots: -2.946618531261939, 0.7466185312619388
15.0,-3.0,26.0,No real roots
0.0,8.0,24.0,Two roots: NaN, -Infinity
-21.0,-4.0,25.0,Two roots: -1.1904761904761905, 1.0
-9.0,8.0,-14.0,No real roots
2.0,5.0,-23.0,Two roots: 2.36420807370024, -4.86420807370024
-8.0,18.0,24.0,Two roots: -0.940338955232288, 3.190338955232288
30.0,-24.0,-27.0,Two roots: 1.4295630140987001, -0.6295630140987001
-19.0,-15.0,-28.0,No real roots
4.0,-1.0,23.0,No real roots
-25.0,25.0,-4.0,Two roots: 0.2, 0.8
-13.0,11.0,15.0,Two roots: -0.7314100784464335, 1.5775639246002795
-21.0,-14.0,-1.0,Two roots: -0.5853096486728182, -0.08135701799384851
4.0,-24.0,30.0,Two roots: 4.224744871391589, 1.775255128608411
-21.0,-14.0,-17.0,No real roots
-16.0,26.0,6.0,Two roots: -0.20492628725623163, 1.8299262872562316
4.0,2.0,-21.0,Two roots: 2.0548861143232218, -2.5548861143232218
-15.0,-23.0,-18.0,No real roots
15.0,-26.0,18.0,No real roots
0.0,20.0,1.0,Two roots: NaN, -Infinity
20.0,-6.0,-7.0,Two roots: 0.7603277807866851, -0.4603277807866851
23.0,29.0,-22.0,Two roots: 0.533167277484577, -1.7940368427019682
-14.0,-21.0,11.0,Two roots: -1.911126300500633, 0.4111263005006328
-4.0,17.0,30.0,Two roots: -1.3413561559655118, 5.591356155965512
-9.0,12.0,20.0,Two roots: -0.9663264951887854, 2.2996598285221186
15.0,4.0,7.0,No real roots
-13.0,18.0,-22.0,No real roots
-25.0,-21.0,-23.0,No real roots
-5.0,6.0,-18.0,No real roots
-30.0,-30.0,28.0,Two roots: -1.5878112581387147, 0.5878112581387147
-11.0,-18.0,-9.0,No real roots
-2.0,6.0,-25.0,No real roots
27.0,-4.0,22.0,No real roots
-24.0,-24.0,5.0,Two roots: -1.17700320038633, 0.17700320038633008
1.0,-14.0,25.0,Two roots: 11.898979485566356, 2.1010205144336442
-28.0,18.0,-22.0,No real roots
23.0,-23.0,6.0,No real roots
1.0,6.0,12.0,No real roots
29.0,8.0,-1.0,Two roots: 0.09338634249997825, -0.3692484114654955
-11.0,17.0,2.0,Two roots: -0.10984035631579997, 1.6552949017703456
13.0,-1.0,-18.0,Two roots: 1.2157867588472282, -1.1388636819241513
-22.0,-27.0,-30.0,No real roots
-13.0,25.0,-14.0,No real roots
12.0,12.0,-30.0,Two roots: 1.1583123951777, -2.1583123951777
-8.0,-21.0,-16.0,No real roots
-17.0,-21.0,17.0,Two roots: -1.7930141883934168, 0.557720070746358
-8.0,9.0,5.0,Two roots: -0.4077609185162515, 1.5327609185162516
-14.0,9.0,26.0,Two roots: -1.0787354131366185, 1.7215925559937613
4.0,8.0,5.0,No real roots
17.0,16.0,17.0,No real roots
2.0,-5.0,-29.0,Two roots: 5.25780488547035, -2.7578048854703496
21.0,-27.0,14.0,No real roots
-28.0,18.0,0.0,Two roots: -0.0, 0.6428571428571429
13.0,-11.0,12.0,No real roots
-3.0,-21.0,2.0,Two roots: -7.0939764421413045, 0.09397644214130392
-23.0,16.0,7.0,Two roots: -0.30434782608695654, 1.0
-23.0,-4.0,-24.0,No real roots
-6.0,7.0,25.0,Two roots: -1.539623200476166, 2.7062898671428326
-14.0,-9.0,5.0,Two roots: -1.0, 0.35714285714285715
-12.0,16.0,11.0,Two roots: -0.5, 1.8333333333333333
3.0,-30.0,-25.0,Two roots: 10.77350269189626, -0.7735026918962582
4.0,-10.0,14.0,No real roots
-25.0,-24.0,0.0,Two roots: -0.96, -0.0
-23.0,-13.0,10.0,Two roots: -1.0, 0.43478260869565216
-8.0,19.0,-16.0,No real roots
-27.0,-6.0,-15.0,No real roots
7.0,30.0,0.0,Two roots: 0.0, -4.285714285714286
14.0,24.0,6.0,Two roots: -0.303859521970369, -1.4104261923153452
8.0,-22.0,-20.0,Two roots: 3.4703818267800264, -0.7203818267800264
4.0,-16.0,12.0,Two roots: 3.0, 1.0
-28.0,13.0,-18.0,No real roots
-22.0,-1.0,15.0,Two roots: -0.8487628111539203, 0.8033082656993749
-11.0,25.0,6.0,Two roots: -0.2189137741705067, 2.4916410468977794
-20.0,25.0,-20.0,No real roots
6.0,25.0,-17.0,Two roots: 0.5950264466646994, -4.761693113331366
24.0,11.0,4.0,No real roots
18.0,-26.0,30.0,No real roots
-16.0,-12.0,29.0,Two roots: -1.7725424859373686, 1.0225424859373686
-6.0,13.0,-21.0,No real roots
-21.0,-14.0,-29.0,No real roots
3.0,-1.0,1.0,No real roots
22.0,10.0,4.0,No real roots
6.0,1.0,-14.0,Two roots: 1.4464633125571515, -1.6131299792238183
-10.0,-25.0,6.0,Two roots: -2.720544116985274, 0.2205441169852742
30.0,-7.0,-1.0,Two roots: 0.3333333333333333, -0.1
-28.0,18.0,30.0,Two roots: -0.7624279218209656, 1.4052850646781085
9.0,-26.0,24.0,No real roots
27.0,-10.0,26.0,No real roots
-18.0,25.0,-8.0,Two roots: 0.5, 0.8888888888888888
27.0,25.0,-25.0,Two roots: 0.6048669069139626, -1.5307928328398885
-27.0,11.0,22.0,Two roots: -0.7216664998999249, 1.1290739073073324
-22.0,-21.0,-28.0,No real roots
-4.0,21.0,21.0,Two roots: -0.8593399661915884, 6.109339966191588
4.0,27.0,-29.0,Two roots: 0.9424790097926357, -7.692479009792636
-21.0,-6.0,8.0,Two roots: -0.7763873664595271, 0.49067308074524146
-28.0,-23.0,-10.0,No real roots
-23.0,-11.0,16.0,Two roots: -1.1067913931945699, 0.6285305236293525
29.0,27.0,-25.0,Two roots: 0.5731238263330368, -1.5041583090916575
14.0,9.0,13.0,No real roots
-10.0,25.0,-28.0,No real roots
17.0,22.0,-13.0,Two roots: 0.4407789417004076, -1.7348965887592311
15.0,-27.0,-7.0,Two roots: 2.0298967504452197, -0.22989675044521954
-24.0,-8.0,-29.0,No real roots
-8.0,-15.0,-24.0,No real roots
-2.0,-21.0,-27.0,Two roots: -9.0, -1.5
0.0,-8.0,17.0,Two roots: Infinity, NaN
-2.0,28.0,16.0,Two roots: -0.5498344352707498, 14.54983443527075
14.0,18.0,30.0,No real roots
-22.0,-22.0,-12.0,No real roots
21.0,-5.0,4.0,No real roots
-20.0,-1.0,22.0,Two roots: -1.0741067629178642, 1.0241067629178642
17.0,4.0,5.0,No real roots
21.0,-27.0,-13.0,Two roots: 1.6588851568262792, -0.3731708711119938
3.0,-6.0,-19.0,Two roots: 3.7080128015453204, -1.7080128015453202
6.0,8.0,-10.0,Two roots: 0.7862996478468913, -2.119632981180225
-7.0,5.0,-16.0,No real roots
-19.0,-8.0,-15.0,No real roots
-27.0,11.0,-5.0,No real roots
9.0,-18.0,9.0,One root: 1.0
12.0,22.0,-9.0,Two roots: 0.344395495868463, -2.1777288292017967
-13.0,17.0,1.0,Two roots: -0.05639174279305337, 1.364084050485361
-1.0,-3.0,28.0,Two roots: -7.0, 4.0
18.0,11.0,-23.0,Two roots: 0.8654021615754439, -1.476513272686555
-16.0,17.0,-16.0,No real roots
30.0,-23.0,-20.0,Two roots: 1.2853372751823207, -0.5186706085156539
2.0,7.0,-29.0,Two roots: 2.4407636535600528, -5.940763653560053
-5.0,13.0,2.0,Two roots: -0.1456832294800961, 2.745683229480096
25.0,26.0,-26.0,Two roots: 0.6247270417003348, -1.6647270417003346
26.0,-9.0,-4.0,Two roots: 0.6017980155693837, -0.2556441694155376
-30.0,10.0,14.0,Two roots: -0.5365007703242995, 0.8698341036576329
-1.0,0.0,-5.0,No real roots
-15.0,-11.0,13.0,Two roots: -1.367222067986909, 0.6338887346535756
20.0,27.0,21.0,No real roots
22.0,-16.0,-26.0,Two roots: 1.50995638299259, -0.7826836557198629
9.0,-26.0,-24.0,Two roots: 3.624601874483176, -0.735712985594287
8.0,-17.0,-22.0,Two roots: 3.0319939070735913, -0.9069939070735913
-16.0,30.0,-3.0,Two roots: 0.1059915815218706, 1.7690084184781294
-26.0,-20.0,23.0,Two roots: -1.4007572933556083, 0.6315265241248389
27.0,-13.0,-14.0,Two roots: 1.0, -0.5185185185185185
-22.0,23.0,-23.0,No real roots
17.0,-7.0,-5.0,Two roots: 0.7859730271563535, -0.3742083212740006
25.0,12.0,9.0,No real roots
-27.0,-28.0,24.0,Two roots: -1.594506596024737, 0.5574695589877
0.0,-30.0,23.0,Two roots: Infinity, NaN
-13.0,12.0,3.0,Two roots: -0.2046349259880298, 1.127711849064953
-8.0,15.0,-23.0,No real roots
-1.0,21.0,-12.0,Two roots: 0.5878861992004953, 20.412113800799503
2.0,-3.0,5.0,No real roots
-27.0,3.0,15.0,Two roots: -0.6918680026152061, 0.8029791137263173
-13.0,-9.0,-14.0,No real roots
-1.0,-29.0,0.0,Two roots: -29.0, -0.0
-7.0,-4.0,14.0,Two roots: -1.7285007054802968, 1.1570721340517254
-1.0,3.0,15.0,Two roots: -2.6533119314590374, 5.653311931459037
-27.0,3.0,-6.0,No real roots
-28.0,10.0,-7.0,No real roots
-10.0,14.0,-6.0,No real roots
-7.0,24.0,-27.0,No real roots
3.0,-24.0,-14.0,Two roots: 8.546060565661952, -0.5460605656619517
18.0,-26.0,15.0,No real roots
-6.0,10.0,0.0,Two roots: -0.0, 1.6666666666666667
-20.0,19.0,-19.0,No real roots
-2.0,29.0,3.0,Two roots: -0.10272058492637104, 14.60272058492637
-2.0,-4.0,-25.0,No real roots
-16.0,26.0,26.0,Two roots: -0.699173327805978, 2.324173327805978
7.0,-8.0,23.0,No real roots
26.0,7.0,1.0,No real roots
15.0,-23.0,15.0,No real roots
0.0,19.0,10.0,Two roots: NaN, -Infinity
-15.0,-17.0,-22.0,No real roots
16.0,-17.0,12.0,No real roots
-22.0,4.0,23.0,Two roots: -0.9355990718760195, 1.1174172536942013
-3.0,5.0,27.0,Two roots: -2.2802569487115676, 3.946923615378234
-7.0,-29.0,26.0,Two roots: -4.900757474334051, 0.7579003314769085
-9.0,-23.0,29.0,Two roots: -3.48117022389466, 0.9256146683391044
-4.0,30.0,6.0,Two roots: -0.19493345951487484, 7.694933459514875
8.0,1.0,-16.0,Two roots: 1.3530939566132656, -1.4780939566132656
29.0,-21.0,0.0,Two roots: 0.7241379310344828, 0.0
15.0,15.0,10.0,No real roots
21.0,21.0,-25.0,Two roots: 0.7001983962979581, -1.7001983962979583
-5.0,9.0,0.0,Two roots: -0.0, 1.8
-5.0,12.0,17.0,Two roots: -1.0, 3.4
16.0,0.0,-17.0,Two roots: 1.0307764064044151, -1.0307764064044151
-19.0,-29.0,6.0,Two roots: -1.7108917423878476, 0.1845759529141635
28.0,19.0,-15.0,Two roots: 0.46745407129117983, -1.1460254998626083
-30.0,-18.0,24.0,Two roots: -1.2433981132056604, 0.6433981132056604
-21.0,14.0,-13.0,No real roots
27.0,-6.0,-17.0,Two roots: 0.9123447278808866, -0.6901225056586644
29.0,-25.0,3.0,Two roots: 0.7179882237429868, 0.1440807417742545
-2.0,-16.0,-3.0,Two roots: -7.807886552931954, -0.19211344706804567
-12.0,9.0,-6.0,No real roots
-9.0,-6.0,23.0,Two roots: -1.9663264951887856, 1.2996598285221188
18.0,-17.0,-19.0,Two roots: 1.6029518020582012, -0.6585073576137567
-21.0,-29.0,28.0,Two roots: -2.035872304246349, 0.6549199232939683
-3.0,-22.0,-30.0,Two roots: -5.5225881209433405, -1.8107452123899928
2.0,20.0,-21.0,Two roots: 0.9581876439064922, -10.958187643906491
-3.0,2.0,-15.0,No real roots
16.0,-12.0,29.0,No real roots
15.0,28.0,26.0,No real roots
-4.0,-8.0,22.0,Two roots: -3.5495097567963922, 1.5495097567963922
-29.0,30.0,-9.0,No real roots
-12.0,26.0,-17.0,No real roots
-19.0,-22.0,19.0,Two roots: -1.7344472842157974, 0.5765525473736921
-11.0,-11.0,11.0,Two roots: -1.6180339887498951, 0.6180339887498949
12.0,7.0,-29.0,Two roots: 1.2900210746751923, -1.8733544080085256
8.0,28.0,-18.0,Two roots: 0.5548861143232218, -4.054886114323222
-12.0,-20.0,-16.0,No real roots
-5.0,15.0,-20.0,No real roots
-26.0,-7.0,-23.0,No real roots
3.0,-22.0,-3.0,Two roots: 7.467251416997127, -0.13391808366379307
-6.0,13.0,-6.0,Two roots: 0.6666666666666666, 1.5
-25.0,23.0,1.0,Two roots: -0.04159744815937813, 0.9615974481593781
23.0,-22.0,-22.0,Two roots: 1.5669551326564275, -0.6104333935259926
0.0,-16.0,19.0,Two roots: Infinity, NaN
-30.0,-28.0,4.0,Two roots: -1.0592129611543726, 0.12587962782103926
27.0,17.0,26.0,No real roots
-26.0,17.0,10.0,Two roots: -0.37414331282916097, 1.0279894666753149
-1.0,-8.0,-20.0,No real roots
18.0,7.0,29.0,No real roots
-24.0,24.0,-19.0,No real roots
5.0,26.0,13.0,Two roots: -0.5603921945628862, -4.639607805437114
25.0,6.0,28.0,No real roots
-23.0,-24.0,5.0,Two roots: -1.2214555191056993, 0.17797725823613397
-21.0,13.0,-23.0,No real roots
-23.0,-18.0,4.0,Two roots: -0.9631715842593872, 0.18056288860721328
-19.0,-6.0,-29.0,No real roots
12.0,-18.0,-28.0,Two roots: 2.4517148213885114, -0.9517148213885115
-1.0,27.0,26.0,Two roots: -0.9308696896618116, 27.93086968966181
6.0,20.0,27.0,No real roots
-26.0,4.0,7.0,Two roots: -0.44762237296099444, 0.6014685268071482
0.0,8.0,-26.0,Two roots: NaN, -Infinity
17.0,29.0,-29.0,Two roots: 0.7069918360207199, -2.4128741889618963
25.0,20.0,5.0,No real roots
20.0,28.0,12.0,No real roots
-16.0,-28.0,-18.0,No real roots
-11.0,9.0,28.0,Two roots: -1.2379700847266761, 2.0561519029084945
-3.0,15.0,-29.0,No real roots
10.0,4.0,-21.0,Two roots: 1.2628738838327793, -1.6628738838327792
1.0,-6.0,15.0,No real roots
-22.0,4.0,-7.0,No real roots
12.0,10.0,-1.0,Two roots: 0.09023021085818494, -0.9235635441915182
-22.0,6.0,-3.0,No real roots
4.0,15.0,-24.0,Two roots: 1.2097406698132667, -4.959740669813266
14.0,23.0,-26.0,Two roots: 0.7697621007103902, -2.412619243567533
21.0,24.0,-24.0,Two roots: 0.6407544820340815, -1.7836116248912244
2.0,20.0,-22.0,Two roots: 1.0, -11.0
0.0,12.0,-17.0,Two roots: NaN, -Infinity
-19.0,-7.0,-2.0,No real roots
-22.0,9.0,-11.0,No real roots
30.0,10.0,-26.0,Two roots: 0.7790840639407405, -1.112417397274074
-11.0,-4.0,0.0,Two roots: -0.36363636363636365, -0.0
30.0,-16.0,0.0,Two roots: 0.5333333333333333, 0.0
-21.0,22.0,-10.0,No real roots
-25.0,-9.0,27.0,Two roots: -1.2347037498748168, 0.8747037498748168
-19.0,20.0,-28.0,No real roots
21.0,13.0,-19.0,Two roots: 0.6907595970285717, -1.3098072160761907
-11.0,-12.0,-23.0,No real roots
23.0,8.0,12.0,No real roots
7.0,14.0,4.0,Two roots: -0.34534632929202286, -1.654653670707977
12.0,-23.0,-16.0,Two roots: 2.4589119254474254, -0.5422452587807589
-5.0,-22.0,3.0,Two roots: -4.53238075793812, 0.1323807579381203
23.0,6.0,-28.0,Two roots: 0.9806028121026642, -1.2414723773200556
27.0,15.0,4.0,No real roots
17.0,-19.0,8.0,No real roots
22.0,9.0,26.0,No real roots
4.0,26.0,-12.0,Two roots: 0.43272996566405864, -6.932729965664059
29.0,-22.0,13.0,No real roots
-15.0,25.0,8.0,Two roots: -0.27471800923964407, 1.9413846759063107
7.0,-22.0,25.0,No real roots
28.0,-18.0,-23.0,Two roots: 1.2830651441311614, -0.6402080012740186
1.0,6.0,-1.0,Two roots: 0.16227766016837952, -6.16227766016838
16.0,4.0,25.0,No real roots
25.0,11.0,3.0,No real roots
7.0,12.0,-12.0,Two roots: 0.707778735729046, -2.422064450014761
-6.0,26.0,-15.0,Two roots: 0.6853009304474019, 3.6480324028859314
-23.0,-6.0,18.0,Two roots: -1.0246506000523101, 0.7637810348349189
25.0,26.0,-24.0,Two roots: 0.5892339699089638, -1.6292339699089637
23.0,17.0,17.0,No real roots
-19.0,-21.0,27.0,Two roots: -1.866577656086308, 0.7613144981915714
-27.0,12.0,15.0,Two roots: -0.5555555555555556, 1.0
30.0,-27.0,-20.0,Two roots: 1.3822910847297998, -0.48229108472979976
-24.0,8.0,12.0,Two roots: -0.5598164905901123, 0.8931498239234457
-10.0,0.0,18.0,Two roots: -1.3416407864998738, 1.3416407864998738
-10.0,28.0,18.0,Two roots: -0.5390719429665317, 3.3390719429665316
3.0,21.0,-20.0,Two roots: 0.8493294502332963, -7.849329450233296
-17.0,25.0,4.0,Two roots: -0.14558700775717276, 1.6161752430512903
-21.0,-20.0,29.0,Two roots: -1.7441454243518428, 0.7917644719708903
2.0,19.0,-21.0,Two roots: 1.0, -10.5
-5.0,-25.0,-18.0,Two roots: -4.127882059609971, -0.8721179403900294
12.0,-15.0,-11.0,Two roots: 1.7683685611676871, -0.518368561167687
-13.0,-17.0,-12.0,No real roots
6.0,-21.0,13.0,Two roots: 2.6964847243000456, 0.8035152756999544
-10.0,-14.0,-5.0,No real roots
1.0,27.0,-22.0,Two roots: 0.7916059279564518, -27.791605927956454
1.0,-21.0,24.0,Two roots: 19.787087810503355, 1.2129121894966453
28.0,9.0,-27.0,Two roots: 0.8343308368396452, -1.1557594082682168
6.0,1.0,-14.0,Two roots: 1.4464633125571515, -1.6131299792238183
7.0,20.0,-9.0,Two roots: 0.3953064764005291, -3.252449333543386
2.0,24.0,27.0,Two roots: -1.256583509747431, -10.743416490252569
-16.0,9.0,28.0,Two roots: -1.0711928130239001, 1.6336928130239001
30.0,-26.0,-6.0,Two roots: 1.0560513897423136, -0.18938472307564685
-14.0,4.0,30.0,Two roots: -1.327947162998143, 1.6136614487124288
30.0,-19.0,0.0,Two roots: 0.6333333333333333, 0.0
8.0,-19.0,7.0,Two roots: 1.9190437444199766, 0.4559562555800234
-6.0,-3.0,-23.0,No real roots
-24.0,8.0,-10.0,No real roots
22.0,28.0,24.0,No real roots
13.0,-8.0,7.0,No real roots
-19.0,28.0,-15.0,No real roots
-18.0,4.0,16.0,Two roots: -0.8382226383686144, 1.0604448605908368
-9.0,15.0,-1.0,Two roots: 0.06957071750735998, 1.5970959491593066
-8.0,0.0,-20.0,No real roots
-5.0,11.0,16.0,Two roots: -1.0, 3.2
24.0,3.0,-13.0,Two roots: 0.6761290792181599, -0.8011290792181599
-26.0,22.0,-23.0,No real roots
-6.0,23.0,-15.0,Two roots: 0.8333333333333334, 3.0
-29.0,-14.0,-26.0,No real roots
-14.0,18.0,27.0,Two roots: -0.8874489489734678, 2.1731632346877534
29.0,23.0,-3.0,Two roots: 0.11403768603313268, -0.9071411343089947
4.0,2.0,-11.0,Two roots: 1.4270509831248424, -1.9270509831248424
3.0,-12.0,-2.0,Two roots: 4.1602468994692865, -0.1602468994692868
2.0,21.0,21.0,Two roots: -1.119322089535424, -9.380677910464577
-3.0,-13.0,-29.0,No real roots
-27.0,-8.0,-28.0,No real roots
17.0,29.0,25.0,No real roots
27.0,-4.0,11.0,No real roots
-29.0,19.0,20.0,Two roots: -0.5651443769654909, 1.2203167907585943
29.0,18.0,-8.0,Two roots: 0.2997174487225563, -0.92040710389497
-5.0,5.0,-5.0,No real roots
-8.0,-23.0,-7.0,Two roots: -2.529015574785811, -0.3459844252141888
-9.0,-3.0,15.0,Two roots: -1.4683749459844424, 1.135041612651109
17.0,-17.0,-8.0,Two roots: 1.3488746876271653, -0.3488746876271654
29.0,26.0,-11.0,Two roots: 0.31347317359912147, -1.2100248977370525
19.0,30.0,-13.0,Two roots: 0.353976893810549, -1.9329242622316016
27.0,-19.0,-30.0,Two roots: 1.46311727323537, -0.7594135695316665
-14.0,-25.0,-18.0,No real roots
7.0,15.0,-18.0,Two roots: 0.8571428571428571, -3.0
-4.0,-28.0,-17.0,Two roots: -6.32842712474619, -0.6715728752538097
3.0,-22.0,5.0,Two roots: 7.098543380329001, 0.23478995300433306
-25.0,-14.0,1.0,Two roots: -0.6240930106817051, 0.06409301068170507
-29.0,11.0,8.0,Two roots: -0.3687632669207464, 0.7480736117483326
-11.0,-5.0,-8.0,No real roots
-18.0,-17.0,23.0,Two roots: -1.697282059511108, 0.7528376150666636
2.0,-23.0,-12.0,Two roots: 12.0, -0.5
-10.0,-28.0,-6.0,Two roots: -2.5661903789690603, -0.23380962103093986
-9.0,13.0,15.0,Two roots: -0.7570585506327053, 2.20150299507715
20.0,10.0,-1.0,Two roots: 0.08541019662496847, -0.5854101966249685
1.0,16.0,2.0,Two roots: -0.12599212598818887, -15.874007874011811
17.0,-12.0,23.0,No real roots
-18.0,-30.0,-19.0,No real roots
25.0,17.0,21.0,No real roots
-5.0,9.0,-24.0,No real roots
-1.0,-6.0,14.0,Two roots: -7.795831523312719, 1.7958315233127191
-23.0,-3.0,-1.0,No real roots
-30.0,1.0,6.0,Two roots: -0.4308573860699184, 0.46419071940325174
-1.0,23.0,-9.0,Two roots: 0.3981983444127408, 22.60180165558726
-9.0,-1.0,-7.0,No real roots
16.0,5.0,1.0,No real roots
-9.0,-28.0,9.0,Two roots: -3.4048129974548043, 0.2937018863436932
12.0,14.0,-9.0,Two roots: 0.46083034051180566, -1.6274970071784722
20.0,23.0,11.0,No real roots
-5.0,21.0,7.0,Two roots: -0.31039415863879005, 4.510394158638791
-22.0,-24.0,-5.0,Two roots: -0.8104978134020591, -0.28041127750703176
-6.0,12.0,0.0,Two roots: -0.0, 2.0
13.0,26.0,14.0,No real roots
-6.0,-22.0,-12.0,Two roots: -3.0, -0.6666666666666666
9.0,-6.0,-20.0,Two roots: 1.86085856498528, -1.1941918983186133
7.0,-27.0,29.0,No real roots
-5.0,23.0,22.0,Two roots: -0.8128764832546761, 5.412876483254676
-13.0,15.0,-18.0,No real roots
7.0,19.0,-29.0,Two roots: 1.0892205413633869, -3.803506255649101
-6.0,17.0,-18.0,No real roots
11.0,18.0,26.0,No real roots
-14.0,3.0,9.0,Two roots: -0.7017679752075804, 0.9160536894932946
-11.0,-5.0,26.0,Two roots: -1.7813928179344325, 1.3268473633889781
-4.0,-8.0,-27.0,No real roots
11.0,1.0,2.0,No real roots
-8.0,-13.0,11.0,Two roots: -2.239089026314166, 0.6140890263141658
-28.0,12.0,22.0,Two roots: -0.6976532382002646, 1.126224666771693
-18.0,11.0,30.0,Two roots: -1.021105992917728, 1.6322171040288391
28.0,22.0,15.0,No real roots
12.0,30.0,10.0,Two roots: -0.3960874361700335, -2.1039125638299665
-15.0,20.0,5.0,Two roots: -0.21525043702153018, 1.5485837703548635
21.0,-18.0,17.0,No real roots
6.0,12.0,10.0,No real roots
13.0,-3.0,-17.0,Two roots: 1.2647348305756874, -1.0339655998064565
14.0,17.0,-24.0,Two roots: 0.8360855250840535, -2.0503712393697677
2.0,2.0,22.0,No real roots
-24.0,-23.0,-22.0,No real roots
-26.0,3.0,8.0,Two roots: -0.5, 0.6153846153846154
-20.0,-14.0,-23.0,No real roots
29.0,-28.0,-2.0,Two roots: 1.0323233603623871, -0.06680611898307683
-26.0,15.0,30.0,Two roots: -0.823768749301635, 1.4006918262247119
10.0,-27.0,-12.0,Two roots: 3.088533865071371, -0.38853386507137094
15.0,-6.0,-17.0,Two roots: 1.283205120618128, -0.8832051206181281
10.0,-18.0,-22.0,Two roots: 2.634935157289747, -0.8349351572897472
-19.0,16.0,-21.0,No real roots
-22.0,17.0,-8.0,No real roots
1.0,30.0,-1.0,Two roots: 0.03329637837290811, -30.03329637837291
-6.0,10.0,20.0,Two roots: -1.1735990964653826, 2.840265763132049
-11.0,-19.0,7.0,Two roots: -2.0393197414888693, 0.312047014216142
-12.0,-9.0,-19.0,No real roots
-19.0,19.0,26.0,Two roots: -0.7721717858180864, 1.7721717858180865
28.0,5.0,-16.0,Two roots: 0.6718979102123969, -0.8504693387838255
7.0,-7.0,-1.0,Two roots: 1.1267831705280087, -0.12678317052800875
26.0,-23.0,-8.0,Two roots: 1.1517641056037198, -0.2671487209883352
22.0,2.0,-9.0,Two roots: 0.5957607263484493, -0.6866698172575402
-10.0,16.0,-23.0,No real roots
0.0,3.0,-4.0,Two roots: NaN, -Infinity
24.0,5.0,-12.0,Two roots: 0.6105715332670184, -0.8189048666003518
17.0,20.0,-4.0,Two roots: 0.17420478804798356, -1.3506753762832777
11.0,-13.0,29.0,No real roots
15.0,16.0,0.0,Two roots: 0.0, -1.0666666666666667
-25.0,23.0,26.0,Two roots: -0.6587493016757597, 1.5787493016757597
21.0,1.0,27.0,No real roots
-19.0,7.0,15.0,Two roots: -0.7232073499771929, 1.091628402608772
-2.0,10.0,12.0,Two roots: -1.0, 6.0
14.0,-29.0,-6.0,Two roots: 2.2609797713148887, -0.18955119988631733
23.0,20.0,4.0,Two roots: -0.31180751631538306, -0.5577577010759213
15.0,3.0,28.0,No real roots
-19.0,10.0,3.0,Two roots: -0.21344132305986407, 0.7397571125335483
-3.0,13.0,11.0,Two roots: -0.7248919288162453, 5.058225262149579
16.0,1.0,-17.0,Two roots: 1.0, -1.0625
5.0,-4.0,-5.0,Two roots: 1.4770329614269007, -0.6770329614269007
4.0,-22.0,13.0,Two roots: 4.826655965729518, 0.6733440342704813
2.0,-6.0,-9.0,Two roots: 4.098076211353316, -1.098076211353316
30.0,7.0,12.0,No real roots
21.0,16.0,3.0,Two roots: -0.3333333333333333, -0.42857142857142855
16.0,-2.0,-27.0,Two roots: 1.3630407529178008, -1.2380407529178008
1.0,-28.0,16.0,Two roots: 27.41640786499874, 0.5835921350012612
10.0,10.0,6.0,No real roots
-25.0,13.0,-17.0,No real roots
-20.0,9.0,8.0,Two roots: -0.4462860791048776, 0.8962860791048776
-1.0,15.0,-25.0,Two roots: 1.9098300562505255, 13.090169943749475
14.0,22.0,5.0,Two roots: -0.2756122551040821, -1.2958163163244893
-15.0,19.0,-7.0,No real roots
-2.0,8.0,20.0,Two roots: -1.7416573867739413, 5.741657386773941
0.0,27.0,-12.0,Two roots: NaN, -Infinity
28.0,-28.0,30.0,No real roots
2.0,5.0,28.0,No real roots
24.0,-20.0,23.0,No real roots
25.0,9.0,-14.0,Two roots: 0.5896752561957542, -0.9496752561957542
-21.0,-9.0,-20.0,No real roots
19.0,0.0,-27.0,Two roots: 1.1920791213585396, -1.1920791213585396
-2.0,-14.0,-9.0,Two roots: -6.283882181415011, -0.7161178185849892
13.0,26.0,3.0,Two roots: -0.12294198069297083, -1.8770580193070292
-1.0,-28.0,-13.0,Two roots: -27.52774925846868, -0.4722507415313171
-26.0,28.0,-21.0,No real roots
15.0,-1.0,-21.0,Two roots: 1.2170187269709802, -1.1503520603043136
18.0,-22.0,-20.0,Two roots: 1.8295395666367393, -0.6073173444145171
28.0,-6.0,-7.0,Two roots: 0.618493609402727, -0.4042078951170126
-10.0,2.0,11.0,Two roots: -0.9535653752852739, 1.153565375285274
0.0,-23.0,6.0,Two roots: Infinity, NaN
27.0,2.0,-9.0,Two roots: 0.5414999759930855, -0.6155740500671596
-13.0,11.0,7.0,Two roots: -0.4239505979055861, 1.2701044440594322
-27.0,-28.0,21.0,Two roots: -1.5415723938468988, 0.5045353568098617
-20.0,-30.0,-25.0,No real roots
2.0,-17.0,-23.0,Two roots: 9.687140792732887, -1.1871407927328868
14.0,-12.0,-20.0,Two roots: 1.6983134881879411, -0.841170631045084
-12.0,26.0,6.0,Two roots: -0.210347891355002, 2.377014558021669
14.0,-24.0,1.0,Two roots: 1.671553875070813, 0.042731839214901486
25.0,-14.0,14.0,No real roots
-20.0,19.0,10.0,Two roots: -0.37683625187004105, 1.326836251870041
18.0,5.0,-23.0,Two roots: 1.0, -1.2777777777777777
5.0,-26.0,0.0,Two roots: 5.2, 0.0
18.0,10.0,3.0,No real roots
-30.0,5.0,-23.0,No real roots
12.0,-16.0,-22.0,Two roots: 2.1758975230229027, -0.8425641896895696
4.0,-18.0,23.0,No real roots
25.0,-18.0,-8.0,Two roots: 1.0305221845696084, -0.31052218456960845
-9.0,-25.0,27.0,Two roots: -3.609026800298676, 0.8312490225208984
19.0,14.0,-22.0,Two roots: 0.7689569886828584, -1.5057990939460162
4.0,-28.0,-18.0,Two roots: 7.592676385936225, -0.5926763859362252
19.0,7.0,26.0,No real roots
-4.0,3.0,12.0,Two roots: -1.3971808598447282, 2.1471808598447284
25.0,10.0,3.0,No real roots
25.0,11.0,-6.0,Two roots: 0.31702886328390206, -0.7570288632839021
18.0,8.0,9.0,No real roots
-18.0,-1.0,-14.0,No real roots
8.0,29.0,-30.0,Two roots: 0.8398868967403681, -4.464886896740368
14.0,6.0,9.0,No real roots
-3.0,30.0,-30.0,Two roots: 1.1270166537925832, 8.872983346207418
13.0,-4.0,1.0,No real roots
-5.0,26.0,0.0,Two roots: -0.0, 5.2
8.0,-20.0,-3.0,Two roots: 2.6419410907075056, -0.14194109070750538
-1.0,28.0,-3.0,Two roots: 0.10755601055019604, 27.892443989449802
-8.0,-16.0,27.0,Two roots: -3.091650066335189, 1.091650066335189
10.0,-6.0,26.0,No real roots
-29.0,30.0,-7.0,Two roots: 0.3555029048336748, 0.6789798537870149
20.0,-7.0,-9.0,Two roots: 0.8682712311931023, -0.5182712311931024
0.0,6.0,1.0,Two roots: NaN, -Infinity
-5.0,21.0,-12.0,Two roots: 0.6822553121242174, 3.5177446878757825
-18.0,-9.0,13.0,Two roots: -1.135845484394554, 0.6358454843945541
-10.0,4.0,-30.0,No real roots
3.0,-5.0,-25.0,Two roots: 3.837959396219991, -2.171292729553324
16.0,-19.0,-22.0,Two roots: 1.9081088028008182, -0.7206088028008182
17.0,-14.0,0.0,Two roots: 0.8235294117647058, 0.0
0.0,6.0,-13.0,Two roots: NaN, -Infinity
-24.0,-12.0,-19.0,No real roots
6.0,-11.0,30.0,No real roots
21.0,-2.0,7.0,No real roots
-12.0,26.0,24.0,Two roots: -0.6981298605359957, 2.8647965272026625
-4.0,-15.0,-6.0,Two roots: -3.2947270864500684, -0.4552729135499316
19.0,-12.0,22.0,No real roots
-24.0,30.0,0.0,Two roots: -0.0, 1.25
11.0,8.0,-14.0,Two roots: 0.8216731645822999, -1.548945891855027
24.0,-7.0,28.0,No real roots
-24.0,14.0,4.0,Two roots: -0.21006644078301231, 0.7933997741163457
-4.0,21.0,6.0,Two roots: -0.27165755656411683, 5.521657556564117
26.0,8.0,-16.0,Two roots: 0.6455619111856357, -0.9532542188779434
12.0,-24.0,13.0,No real roots
5.0,23.0,-7.0,Two roots: 0.2865034312755125, -4.8865034312755125
-7.0,-19.0,-18.0,No real roots
5.0,-30.0,-4.0,Two roots: 6.1304951684997055, -0.13049516849970572
1.0,30.0,-24.0,Two roots: 0.7797338380594994, -30.7797338380595
2.0,-30.0,0.0,Two roots: 15.0, 0.0
-25.0,-19.0,23.0,Two roots: -1.4116976301223145, 0.6516976301223144
5.0,-7.0,-3.0,Two roots: 1.7440306508910552, -0.34403065089105506
24.0,-8.0,-25.0,Two roots: 1.2008061371659047, -0.8674728038325714
24.0,-4.0,21.0,No real roots
-6.0,-27.0,18.0,Two roots: -5.089454172900137, 0.5894541729001368
-1.0,-30.0,21.0,Two roots: -30.684387141358123, 0.6843871413581226
1.0,-21.0,19.0,Two roots: 20.0524865872714, 0.9475134127286005
8.0,-26.0,-15.0,Two roots: 3.75, -0.5
16.0,20.0,-7.0,Two roots: 0.28501373616006476, -1.5350137361600646
9.0,3.0,-18.0,Two roots: 1.2573339575529219, -1.5906672908862551
-21.0,-16.0,21.0,Two roots: -1.4510573835354397, 0.6891526216306777
-4.0,4.0,-7.0,No real roots
-6.0,7.0,-26.0,No real roots
-18.0,-12.0,12.0,Two roots: -1.2152504370215302, 0.5485837703548636
28.0,-25.0,-22.0,Two roots: 1.4389066593993038, -0.5460495165421609
23.0,-11.0,3.0,No real roots
-26.0,-22.0,-6.0,No real roots
-28.0,-19.0,6.0,Two roots: -0.9132199528567213, 0.23464852428529273
26.0,-16.0,22.0,No real roots
-30.0,-15.0,-9.0,No real roots
-6.0,-28.0,9.0,Two roots: -4.968564716806983, 0.30189805014031607
1.0,17.0,-7.0,Two roots: 0.40224690738242863, -17.402246907382427
18.0,-27.0,-6.0,Two roots: 1.6964847243000456, -0.1964847243000456
7.0,13.0,21.0,No real roots
28.0,-25.0,30.0,No real roots
-11.0,23.0,29.0,Two roots: -0.885695071477091, 2.9766041623861823
-22.0,-18.0,13.0,Two roots: -1.2798747300303643, 0.4616929118485462
-12.0,-20.0,11.0,Two roots: -2.102628850977318, 0.4359621843106514
20.0,30.0,-4.0,Two roots: 0.12321245982864895, -1.623212459828649
19.0,16.0,2.0,Two roots: -0.15268318349511661, -0.6894220796627781
-28.0,7.0,26.0,Two roots: -0.8466977043151994, 1.0966977043151993
14.0,3.0,25.0,No real roots
0.0,2.0,-24.0,Two roots: NaN, -Infinity
27.0,20.0,12.0,No real roots
-2.0,25.0,-14.0,Two roots: 0.5876241735469376, 11.912375826453061
14.0,2.0,9.0,No real roots
-14.0,4.0,-24.0,No real roots
24.0,-8.0,19.0,No real roots
13.0,-15.0,-22.0,Two roots: 2.0, -0.8461538461538461
-10.0,12.0,-24.0,No real roots
-7.0,-10.0,30.0,Two roots: -2.9042442452508417, 1.475672816679413
15.0,-2.0,8.0,No real roots
15.0,30.0,-11.0,Two roots: 0.31656117720876653, -2.316561177208767
4.0,-20.0,1.0,Two roots: 4.949489742783178, 0.05051025721682212
9.0,26.0,25.0,No real roots
-21.0,0.0,13.0,Two roots: -0.7867957924694431, 0.7867957924694431
-9.0,18.0,14.0,Two roots: -0.5986105077709065, 2.5986105077709065
17.0,26.0,-22.0,Two roots: 0.606021199733064, -2.1354329644389463
30.0,-30.0,22.0,No real roots
-6.0,26.0,-4.0,Two roots: 0.1597342368679507, 4.173599096465383
28.0,-30.0,-12.0,Two roots: 1.3816228058805007, -0.31019423445192934
-5.0,8.0,2.0,Two roots: -0.2198039027185569, 1.8198039027185569
11.0,29.0,-1.0,Two roots: 0.034043161876683374, -2.67040679824032
-8.0,-20.0,27.0,Two roots: -3.472048604328897, 0.9720486043288972
-29.0,25.0,9.0,Two roots: -0.27333442123501706, 1.1354033867522584
24.0,1.0,15.0,No real roots
25.0,-3.0,-18.0,Two roots: 0.9106468127254694, -0.7906468127254694
-3.0,2.0,7.0,Two roots: -1.2301385866078098, 1.8968052532744766
-12.0,-5.0,8.0,Two roots: -1.0509895173398618, 0.6343228506731952
-24.0,7.0,13.0,Two roots: -0.6044559627237128, 0.8961226293903795
8.0,23.0,11.0,Two roots: -0.6059915815218706, -2.2690084184781294
-29.0,-16.0,-20.0,No real roots
-12.0,-23.0,8.0,Two roots: -2.217328744144844, 0.30066207747817736
4.0,23.0,-25.0,Two roots: 0.9349376635320428, -6.684937663532043
-20.0,27.0,0.0,Two roots: -0.0, 1.35
-20.0,6.0,30.0,Two roots: -1.0838962679253066, 1.3838962679253066
-12.0,7.0,27.0,Two roots: -1.236426735074354, 1.8197600684076873
-24.0,23.0,-14.0,No real roots
23.0,30.0,11.0,No real roots
-18.0,-29.0,16.0,Two roots: -2.0456396825305396, 0.4345285714194286
-10.0,25.0,23.0,Two roots: -0.7153244007033546, 3.215324400703355
-23.0,-27.0,-19.0,No real roots
-6.0,11.0,30.0,Two roots: -1.5, 3.3333333333333335
-13.0,23.0,-23.0,No real roots
4.0,-15.0,-4.0,Two roots: 4.0, -0.25
29.0,23.0,27.0,No real roots
-9.0,14.0,-4.0,Two roots: 0.3771609693928901, 1.1783945861626655
3.0,29.0,24.0,Two roots: -0.9140079945650511, -8.752658672101616
21.0,-2.0,-6.0,Two roots: 0.5842584604564116, -0.4890203652183164
6.0,25.0,17.0,Two roots: -0.8557566781119804, -3.310909988554686
-14.0,27.0,13.0,Two roots: -0.3989524774280225, 2.3275239059994512
15.0,-19.0,19.0,No real roots
-2.0,29.0,-21.0,Two roots: 0.7644391144635767, 13.735560885536422
-22.0,11.0,6.0,Two roots: -0.3289881455844089, 0.8289881455844089
-26.0,-1.0,25.0,Two roots: -1.0, 0.9615384615384616
3.0,-23.0,-24.0,Two roots: 8.597201975985485, -0.9305353093188172
-26.0,1.0,-3.0,No real roots
24.0,-25.0,-27.0,Two roots: 1.702470909373936, -0.6608042427072695
-3.0,0.0,0.0,One root: 0.0
9.0,18.0,1.0,Two roots: -0.05719095841793672, -1.9428090415820631
11.0,-26.0,-13.0,Two roots: 2.7875928847868816, -0.4239565211505178
25.0,19.0,-24.0,Two roots: 0.6709043724335721, -1.430904372433572
2.0,-1.0,-11.0,Two roots: 2.608495283014151, -2.108495283014151
-11.0,-1.0,13.0,Two roots: -1.1335190185078021, 1.0426099275987113
-16.0,-6.0,19.0,Two roots: -1.2932378758096332, 0.9182378758096332
-18.0,-10.0,-19.0,No real roots
-7.0,-25.0,6.0,Two roots: -3.7971611200469604, 0.225732548618389
17.0,14.0,-6.0,Two roots: 0.3110709251437946, -1.1346003369085003
0.0,-30.0,-4.0,Two roots: Infinity, NaN
28.0,-15.0,4.0,No real roots
-11.0,-22.0,-11.0,One root: -1.0
5.0,21.0,-17.0,Two roots: 0.6946377224964241, -4.894637722496424
1.0,-7.0,-3.0,Two roots: 7.405124837953327, -0.405124837953327
15.0,-16.0,-1.0,Two roots: 1.1258796278210392, -0.05921296115437258
19.0,-14.0,-24.0,Two roots: 1.551168687065486, -0.814326581802328
-28.0,-4.0,29.0,Two roots: -1.0916326326489787, 0.9487754897918358
4.0,20.0,-30.0,Two roots: 1.2080992435478315, -6.2080992435478315
24.0,-10.0,-16.0,Two roots: 1.0509895173398618, -0.6343228506731952
18.0,-2.0,20.0,No real roots
-20.0,-25.0,6.0,Two roots: -1.456038506929733, 0.20603850692973308
17.0,-20.0,27.0,No real roots
14.0,-13.0,-14.0,Two roots: 1.5668106457452236, -0.6382392171737951
-20.0,-21.0,14.0,Two roots: -1.5127373132569206, 0.4627373132569206
-27.0,0.0,21.0,Two roots: -0.8819171036881969, 0.8819171036881969
-9.0,-18.0,-17.0,No real roots
23.0,-7.0,-1.0,Two roots: 0.4103117845008243, -0.10596395841386776
8.0,10.0,26.0,No real roots
9.0,10.0,6.0,No real roots
29.0,25.0,-24.0,Two roots: 0.5756317639306896, -1.437700729447931
8.0,-11.0,-29.0,Two roots: 2.7117668425877057, -1.3367668425877057
13.0,-5.0,-26.0,Two roots: 1.6195365627138056, -1.234921178098421
-30.0,28.0,-15.0,No real roots
-14.0,24.0,15.0,Two roots: -0.48677769444476987, 2.201063408730484
-18.0,2.0,-19.0,No real roots
-18.0,1.0,0.0,Two roots: -0.0, 0.05555555555555555
-27.0,10.0,7.0,Two roots: -0.35661995697510346, 0.7269903273454738
11.0,28.0,-27.0,Two roots: 0.7457821191976834, -3.291236664652229
9.0,0.0,-15.0,Two roots: 1.2909944487358056, -1.2909944487358056
24.0,18.0,-26.0,Two roots: 0.7313265039459794, -1.4813265039459793
15.0,-29.0,-7.0,Two roots: 2.1503520603043134, -0.2170187269709802
15.0,-23.0,21.0,No real roots
13.0,-15.0,12.0,No real roots
-26.0,15.0,2.0,Two roots: -0.11170484705163101, 0.688627923974708
-24.0,10.0,-28.0,No real roots
4.0,-19.0,-6.0,Two roots: 5.047194790803994, -0.2971947908039936
-12.0,-3.0,-24.0,No real roots
-3.0,20.0,28.0,Two roots: -1.1882199887501788, 7.854886655416846
27.0,-7.0,17.0,No real roots
20.0,-11.0,16.0,No real roots
25.0,19.0,-26.0,Two roots: 0.7083014288330233, -1.4683014288330234
-26.0,-16.0,13.0,Two roots: -1.0788437559909008, 0.46345914060628546
-28.0,-24.0,0.0,Two roots: -0.8571428571428571, -0.0
-1.0,15.0,7.0,Two roots: -0.45298686029343305, 15.452986860293432
15.0,23.0,28.0,No real roots
-2.0,-12.0,-12.0,Two roots: -4.732050807568877, -1.2679491924311228
-16.0,-13.0,-17.0,No real roots
-1.0,4.0,13.0,Two roots: -2.1231056256176606, 6.123105625617661
-9.0,-23.0,-18.0,No real roots
23.0,-16.0,-30.0,Two roots: 1.5416982798039984, -0.846046105890955
2.0,-28.0,13.0,Two roots: 13.519202405202648, 0.48079759479735085
-11.0,16.0,-20.0,No real roots
26.0,-3.0,-12.0,Two roots: 0.7395037654321476, -0.6241191500475322
18.0,10.0,-13.0,Two roots: 0.6163042744128379, -1.1718598299683933
-16.0,-23.0,-26.0,No real roots
-25.0,-28.0,19.0,Two roots: -1.5961467077590896, 0.47614670775908946
-24.0,17.0,23.0,Two roots: -0.6868748123874155, 1.3952081457207488
-29.0,26.0,-13.0,No real roots
27.0,14.0,-11.0,Two roots: 0.42966945324956574, -0.9481879717680842
1.0,-15.0,-24.0,Two roots: 16.45823643358446, -1.4582364335844584
0.0,-28.0,13.0,Two roots: Infinity, NaN
-25.0,8.0,-25.0,No real roots
-1.0,-12.0,-30.0,Two roots: -8.449489742783179, -3.550510257216822
-11.0,-23.0,27.0,Two roots: -2.9289408504636962, 0.8380317595546054
24.0,-16.0,14.0,No real roots
-25.0,21.0,0.0,Two roots: -0.0, 0.84
-19.0,7.0,10.0,Two roots: -0.564287508069889, 0.9327085607014679
-16.0,-21.0,-19.0,No real roots
10.0,-5.0,-13.0,Two roots: 1.4172617529928753, -0.9172617529928753
11.0,0.0,7.0,No real roots
-19.0,28.0,-15.0,No real roots
17.0,-30.0,-20.0,Two roots: 2.2805722734123193, -0.515866391059378
-23.0,14.0,15.0,Two roots: -0.5586710104904004, 1.1673666626643133
-20.0,-17.0,25.0,Two roots: -1.6210873713905685, 0.7710873713905686
29.0,13.0,17.0,No real roots
-19.0,-5.0,20.0,Two roots: -1.1659602108965024, 0.9028023161596603
2.0,-8.0,-12.0,Two roots: 5.16227766016838, -1.1622776601683795
18.0,-14.0,8.0,No real roots
7.0,-8.0,-17.0,Two roots: 2.231278576946036, -1.088421434088893
-28.0,-7.0,8.0,Two roots: -0.67394379103355, 0.4239437910335499
7.0,-24.0,-25.0,Two roots: 4.265795871355964, -0.8372244427845358
29.0,-18.0,-17.0,Two roots: 1.1364930034973062, -0.5158033483248923
5.0,18.0,-8.0,Two roots: 0.4, -4.0
27.0,-21.0,8.0,No real roots
13.0,-6.0,-12.0,Two roots: 1.2188640445127024, -0.7573255829742407
-24.0,-17.0,8.0,Two roots: -1.0314903419587025, 0.32315700862536917
-27.0,-29.0,22.0,Two roots: -1.5873815490731285, 0.5133074749990543
26.0,26.0,15.0,No real roots
24.0,30.0,-20.0,Two roots: 0.4813265039459795, -1.7313265039459793
13.0,-4.0,-5.0,Two roots: 0.7928172202244673, -0.4851249125321596
-7.0,-19.0,9.0,Two roots: -3.125631200448564, 0.41134548616284966
17.0,4.0,-25.0,Two roots: 1.1007244221887047, -1.3360185398357636
15.0,-21.0,4.0,Two roots: 1.172581562625261, 0.22741843737473916
29.0,7.0,3.0,No real roots
27.0,29.0,19.0,No real roots
29.0,29.0,26.0,No real roots
-25.0,6.0,16.0,Two roots: -0.6889499366462674, 0.9289499366462673
29.0,-6.0,1.0,No real roots
7.0,25.0,-5.0,Two roots: 0.18990238370561865, -3.7613309551341905
20.0,-13.0,8.0,No real roots
-11.0,6.0,-14.0,No real roots
-29.0,-12.0,22.0,Two roots: -1.1021210334998048, 0.688327930051529
17.0,-19.0,26.0,No real roots
30.0,-29.0,12.0,No real roots
15.0,29.0,-27.0,Two roots: 0.6869489006416617, -2.620282233974995
-10.0,18.0,-22.0,No real roots
-4.0,-19.0,22.0,Two roots: -5.712757480704672, 0.9627574807046724
-10.0,-28.0,17.0,Two roots: -3.313112646970899, 0.5131126469708992
-10.0,19.0,-8.0,Two roots: 0.6298437881283576, 1.2701562118716425
-17.0,10.0,-6.0,No real roots
8.0,0.0,-1.0,Two roots: 0.3535533905932738, -0.3535533905932738
29.0,21.0,-3.0,Two roots: 0.12222661742028065, -0.8463645484547634
-21.0,-5.0,-13.0,No real roots
17.0,-5.0,14.0,No real roots
-30.0,0.0,7.0,Two roots: -0.48304589153964794, 0.48304589153964794
-18.0,-5.0,-30.0,No real roots
9.0,-12.0,-4.0,Two roots: 1.6094757082487299, -0.2761423749153966
14.0,-23.0,10.0,No real roots
-8.0,-22.0,18.0,Two roots: -3.4098525745124633, 0.6598525745124633
-8.0,-2.0,24.0,Two roots: -1.8615554986812255, 1.6115554986812255
10.0,8.0,12.0,No real roots
1.0,-30.0,0.0,Two roots: 30.0, 0.0
28.0,21.0,9.0,No real roots
18.0,28.0,-21.0,Two roots: 0.553238727856771, -2.1087942834123266
6.0,-9.0,-25.0,Two roots: 2.924664725116648, -1.4246647251166482
14.0,-16.0,-3.0,Two roots: 1.3068307243562143, -0.16397358149907149
22.0,-18.0,2.0,Two roots: 0.6855801150135554, 0.13260170316826275
-23.0,28.0,21.0,Two roots: -0.5242447148517724, 1.7416360191995985
30.0,7.0,28.0,No real roots
-13.0,-19.0,7.0,Two roots: -1.7663778475258662, 0.3048393859874046
25.0,17.0,-29.0,Two roots: 0.78942463227964, -1.46942463227964
24.0,-13.0,12.0,No real roots
14.0,18.0,-15.0,Two roots: 0.5756230078022843, -1.86133729351657
-19.0,-2.0,-6.0,No real roots
28.0,17.0,29.0,No real roots
-15.0,0.0,-20.0,No real roots
-9.0,10.0,21.0,Two roots: -1.0698598709253104, 2.1809709820364214
1.0,8.0,13.0,Two roots: -2.267949192431123, -5.732050807568877
17.0,20.0,-25.0,Two roots: 0.7595810867517175, -1.9360516749870116
2.0,27.0,22.0,Two roots: -0.8710119918475767, -12.628988008152422
-23.0,4.0,-3.0,No real roots
-4.0,-6.0,-23.0,No real roots
-6.0,-2.0,-11.0,No real roots
8.0,-30.0,-26.0,Two roots: 4.476081505835602, -0.7260815058356016
-18.0,-8.0,17.0,Two roots: -1.2191310247181313, 0.7746865802736868
-8.0,27.0,-14.0,Two roots: 0.6398090866099868, 2.735190913390013
-27.0,-4.0,-11.0,No real roots
18.0,-1.0,-25.0,Two roots: 1.2066163985512748, -1.1510608429957192
27.0,15.0,-16.0,Two roots: 0.5406066590364575, -1.0961622145920131
-26.0,-30.0,18.0,Two roots: -1.589418967776014, 0.43557281392986025
-9.0,26.0,-20.0,No real roots
1.0,-9.0,22.0,No real roots
5.0,-20.0,-17.0,Two roots: 4.720294101747089, -0.7202941017470887
22.0,25.0,-16.0,Two roots: 0.4565636652359542, -1.5929273015995908
-5.0,-10.0,27.0,Two roots: -3.529822128134704, 1.5298221281347035
-29.0,13.0,12.0,Two roots: -0.45706021603925556, 0.9053360781082211
6.0,16.0,-2.0,Two roots: 0.11963298118022465, -2.786299647846891
21.0,5.0,-24.0,Two roots: 0.9566054283882398, -1.1947006664834778
-30.0,-28.0,-14.0,No real roots
-10.0,-14.0,-18.0,No real roots
17.0,-19.0,5.0,Two roots: 0.6936051674987012, 0.4240418913248283
-7.0,20.0,-27.0,No real roots
6.0,-28.0,-8.0,Two roots: 4.936749891968884, -0.270083225302218
16.0,-24.0,-2.0,Two roots: 1.57915619758885, -0.07915619758884995
6.0,28.0,12.0,Two roots: -0.4774118790566595, -4.1892547876100075
-18.0,-20.0,-19.0,No real roots
11.0,1.0,18.0,No real roots
-2.0,-17.0,26.0,Two roots: -9.82337420240199, 1.3233742024019888
-5.0,8.0,-21.0,No real roots
-22.0,-19.0,-19.0,No real roots
-3.0,0.0,-14.0,No real roots
24.0,14.0,21.0,No real roots
20.0,25.0,-14.0,Two roots: 0.4193299287102711, -1.6693299287102712
-29.0,-3.0,20.0,Two roots: -0.8837881732423211, 0.780339897380252
20.0,-8.0,28.0,No real roots
30.0,-11.0,-23.0,Two roots: 1.0779157933546428, -0.7112491266879761
-7.0,-9.0,12.0,Two roots: -2.1014698469044384, 0.8157555611901527
-19.0,-2.0,15.0,Two roots: -0.942712343436198, 0.8374491855414612
-25.0,9.0,19.0,Two roots: -0.7101685233707155, 1.0701685233707154
-19.0,-4.0,30.0,Two roots: -1.3662261632327304, 1.1556998474432567
8.0,-2.0,-20.0,Two roots: 1.71107219255619, -1.46107219255619
-23.0,7.0,-22.0,No real roots
-8.0,19.0,-4.0,Two roots: 0.2334789048453908, 2.141521095154609
8.0,-20.0,-17.0,Two roots: 3.170286436967152, -0.670286436967152
-25.0,-13.0,20.0,Two roots: -1.1914504817756013, 0.6714504817756014
-24.0,25.0,-14.0,No real roots
-15.0,-12.0,13.0,Two roots: -1.4132456102380442, 0.6132456102380442
17.0,4.0,14.0,No real roots
-9.0,-20.0,-13.0,No real roots
-5.0,28.0,-16.0,Two roots: 0.6459340771461985, 4.954065922853802
11.0,11.0,0.0,Two roots: 0.0, -1.0
-16.0,-13.0,29.0,Two roots: -1.8125, 1.0
28.0,-17.0,-15.0,Two roots: 1.0959538475833497, -0.48881099044049253
-27.0,23.0,-9.0,No real roots
9.0,-18.0,10.0,No real roots
22.0,22.0,17.0,No real roots
2.0,-3.0,18.0,No real roots
-17.0,4.0,-15.0,No real roots
21.0,-15.0,2.0,Two roots: 0.5369008198873988, 0.17738489439831548
-11.0,-15.0,6.0,Two roots: -1.6869701994316357, 0.3233338357952719
10.0,23.0,12.0,Two roots: -0.8, -1.5
-8.0,-7.0,7.0,Two roots: -1.470169477616144, 0.595169477616144
19.0,11.0,20.0,No real roots
13.0,-17.0,7.0,No real roots
-5.0,30.0,-9.0,Two roots: 0.3167184270002522, 5.683281572999748
23.0,-16.0,-6.0,Two roots: 0.9657682784152999, -0.2701161045022563
-29.0,-6.0,25.0,Two roots: -1.0376701506306252, 0.8307735989064873
-29.0,-20.0,-11.0,No real roots
28.0,29.0,18.0,No real roots
26.0,21.0,-11.0,Two roots: 0.36177035528439927, -1.169462662976707
16.0,13.0,24.0,No real roots
16.0,-3.0,-25.0,Two roots: 1.3472606950082238, -1.1597606950082238
2.0,-4.0,6.0,No real roots
-26.0,12.0,-13.0,No real roots
6.0,3.0,-3.0,Two roots: 0.5, -1.0
-21.0,14.0,-22.0,No real roots
-22.0,14.0,5.0,Two roots: -0.2549781914962951, 0.8913418278599313
18.0,23.0,-9.0,Two roots: 0.3140953776893579, -1.5918731554671357
-1.0,-20.0,-13.0,Two roots: -19.327379053088816, -0.6726209469111843
-1.0,23.0,1.0,Two roots: -0.043396380615195795, 23.043396380615196
-4.0,-26.0,25.0,Two roots: -7.350304866714182, 0.8503048667141817
-22.0,13.0,11.0,Two roots: -0.47089615000397117, 1.061805240913062
28.0,15.0,10.0,No real roots
4.0,16.0,8.0,Two roots: -0.5857864376269049, -3.414213562373095
27.0,16.0,8.0,No real roots
-7.0,-18.0,-23.0,No real roots
-9.0,27.0,10.0,Two roots: -0.3333333333333333, 3.3333333333333335
-11.0,-24.0,-15.0,No real roots
-13.0,-8.0,-15.0,No real roots
-10.0,-26.0,12.0,Two roots: -3.0, 0.4
24.0,14.0,13.0,No real roots
-29.0,0.0,0.0,One root: 0.0
-15.0,-28.0,-21.0,No real roots
11.0,-10.0,18.0,No real roots
-4.0,25.0,-27.0,Two roots: 1.3884445013187745, 4.861555498681225
11.0,23.0,17.0,No real roots
-3.0,-13.0,14.0,Two roots: -5.226259958447637, 0.8929266251143032
-3.0,1.0,6.0,Two roots: -1.2573339575529217, 1.5906672908862551
-6.0,10.0,5.0,Two roots: -0.40269974784927715, 2.069366414515944
-9.0,-10.0,9.0,Two roots: -1.6995144601096668, 0.5884033489985556
4.0,13.0,17.0,No real roots
-12.0,17.0,6.0,Two roots: -0.2925343457886928, 1.7092010124553596
-11.0,5.0,-26.0,No real roots
-27.0,0.0,-9.0,No real roots
18.0,-5.0,30.0,No real roots
-28.0,-19.0,-20.0,No real roots
20.0,9.0,30.0,No real roots
13.0,-19.0,-2.0,Two roots: 1.5601484097249165, -0.09860994818645476
-22.0,24.0,20.0,Two roots: -0.5530041794176884, 1.6439132703267794
-11.0,8.0,12.0,Two roots: -0.7423204600542217, 1.4695931873269488
-11.0,22.0,2.0,Two roots: -0.08711461300921802, 2.087114613009218
20.0,-2.0,-22.0,Two roots: 1.1, -1.0
7.0,16.0,29.0,No real roots
27.0,4.0,-27.0,Two roots: 0.9286656570874728, -1.076813805235621
-30.0,16.0,19.0,Two roots: -0.5726452208009448, 1.1059785541342781
14.0,4.0,-27.0,Two roots: 1.2532014489780046, -1.5389157346922904
30.0,22.0,14.0,No real roots
8.0,7.0,-18.0,Two roots: 1.125, -2.0
-7.0,-23.0,16.0,Two roots: -3.875499944012541, 0.5897856582982549
-13.0,-9.0,-30.0,No real roots
-20.0,12.0,-24.0,No real roots
6.0,-5.0,29.0,No real roots
-26.0,18.0,-27.0,No real roots
28.0,-28.0,-11.0,Two roots: 1.3017837257372733, -0.3017837257372732
13.0,28.0,-19.0,Two roots: 0.5421203984499374, -2.6959665522960914
13.0,-8.0,-9.0,Two roots: 1.194812507282369, -0.5794278918977536
-3.0,28.0,-27.0,Two roots: 1.092064901745464, 8.24126843158787
18.0,-13.0,6.0,No real roots
26.0,10.0,12.0,No real roots
-26.0,24.0,10.0,Two roots: -0.31152889393237615, 1.2346058170092993
6.0,27.0,-2.0,Two roots: 0.07289331079439225, -4.5728933107943925
26.0,21.0,-25.0,Two roots: 0.6566396676124798, -1.4643319753047876
-20.0,20.0,-18.0,No real roots
-27.0,-12.0,5.0,Two roots: -0.7065443270600748, 0.2620998826156304
1.0,12.0,16.0,Two roots: -1.5278640450004204, -10.47213595499958
-21.0,-29.0,3.0,Two roots: -1.4776321549912639, 0.09667977403888289
-18.0,7.0,-5.0,No real roots
24.0,28.0,21.0,No real roots
20.0,3.0,-19.0,Two roots: 0.9025607398008576, -1.0525607398008576
-24.0,-20.0,28.0,Two roots: -1.5743703324541503, 0.741036999120817
-3.0,-13.0,-11.0,Two roots: -3.18046042171637, -1.1528729116169634
-24.0,-18.0,-2.0,Two roots: -0.6143567769390845, -0.13564322306091547
-27.0,8.0,-6.0,No real roots
-15.0,-28.0,7.0,Two roots: -2.089956771526498, 0.22329010485983147
-1.0,26.0,-7.0,Two roots: 0.2720779386421448, 25.727922061357855
-25.0,-21.0,19.0,Two roots: -1.3876776322722355, 0.5476776322722355
-14.0,-14.0,-3.0,Two roots: -0.6889822365046135, -0.3110177634953864
-24.0,-28.0,0.0,Two roots: -1.1666666666666667, -0.0
-23.0,30.0,-19.0,No real roots
5.0,-4.0,-27.0,Two roots: 2.7579652245103192, -1.957965224510319
5.0,-18.0,1.0,Two roots: 3.543559577416269, 0.05644042258373041
-16.0,4.0,-16.0,No real roots
4.0,-1.0,-25.0,Two roots: 2.6281230493125984, -2.3781230493125984
9.0,-11.0,18.0,No real roots
-6.0,-27.0,-7.0,Two roots: -4.223786547054502, -0.27621345294549826
20.0,-2.0,-4.0,Two roots: 0.5, -0.4
20.0,28.0,-14.0,Two roots: 0.3908712114635714, -1.7908712114635712
14.0,7.0,-22.0,Two roots: 1.02825215486952, -1.52825215486952
-14.0,11.0,19.0,Two roots: -0.8365653198613219, 1.6222796055756077
18.0,-6.0,-27.0,Two roots: 1.402699747849277, -1.0693664145159438
-25.0,6.0,21.0,Two roots: -0.8043376006633075, 1.0443376006633074
0.0,-1.0,-20.0,Two roots: Infinity, NaN
-30.0,-29.0,27.0,Two roots: -1.5480450835789625, 0.5813784169122959
-6.0,-9.0,3.0,Two roots: -1.7807764064044151, 0.2807764064044151
-14.0,-11.0,-24.0,No real roots
-17.0,0.0,6.0,Two roots: -0.5940885257860046, 0.5940885257860046
-12.0,20.0,-20.0,No real roots
-18.0,28.0,29.0,Two roots: -0.7108623341082514, 2.266417889663807
-6.0,15.0,5.0,Two roots: -0.2978479684172258, 2.797847968417226
1.0,-27.0,24.0,Two roots: 26.079745625409124, 0.9202543745908756
-13.0,-23.0,-5.0,Two roots: -1.515431517956028, -0.2537992512747413
1.0,17.0,25.0,Two roots: -1.6261364575662398, -15.37386354243376
-28.0,-18.0,-28.0,No real roots
24.0,-26.0,17.0,No real roots
-10.0,8.0,-4.0,No real roots
24.0,-20.0,5.0,No real roots
-20.0,-6.0,-23.0,No real roots
5.0,-20.0,12.0,Two roots: 3.264911064067352, 0.7350889359326482
